{"tagline":"A html5 based audio player completely written in javascript","note":"Don't delete this file! It's used internally to help with page regeneration.","name":"Mkplayer","body":"### MKplayer\r\n\r\n<img src=\"https://raw.github.com/MarijnKoesen/MKplayer/master/docs/player_screenshot.png\" alt=\"Player screenshot\">\r\n\r\nMKplayer is a HTML5 player written in javascript that enables you to listen to your music anywhere and anytime on any device!\r\n\r\nBecause it's built to run in your webbrowser you can use your desktop at home or at work and use your smartphone when you're on the move.\r\n\r\nThe only requirement is that you have a server where you can host the files and have the mp3 files on the same server.\r\n\r\n### Requirements\r\n\r\n* A webserver\r\n* Mp3s\r\n\r\n### Installation and usage\r\n\r\nTo install the player unpack the files on your server and create a html file like this:\r\n\r\n```html\r\n<link rel=\"stylesheet\" type=\"text/css\" media=\"all\" href=\"/MKplayer/css/MKplayer.min.css\" />\r\n<script type=\"text/javascript\" src=\"/MKplayer/js/MKplayer.min.js\"></script>\r\n\r\n<script type=\"text/javascript\">\r\nwindow.onload = function() {\r\n    player = new MK.Player();\r\n\r\n    // Add songs with javascript\r\n    player.addSong(new MK.Song({\r\n        title: \"Some manual song title\", \r\n        artist: \"Some artist\", \r\n        album: \"Some album\", \r\n        year: \"1999\", \r\n        url: \"/some_file_.mp3\", \r\n        length: \"2:34\"\r\n    }));\r\n\r\n    // Or load a playlist\r\n    player.loadPlaylist('/examples/playlistSample.html');\r\n\r\n    // Now load a skin and your ready to play the music\r\n    skin = new MK.BaseSkin(player);\r\n\r\n    // If you want to control the player yourself you can:\r\n    player.previous();\r\n    player.play();\r\n    player.stop();\r\n    player.next();\r\n    player.pause();\r\n    player.setVolume(0.75);\r\n    player.seek(20);\r\n    player.repeat = true;\r\n    player.shuffle = false;\r\n}\r\n</script>\r\n```\r\n\r\n### Authors and Contributors\r\n\r\nMKplayer has been creating by Marijn Koesen (@marijnkoesen).\r\n","google":""}